-- BOSS-KS-2019-05-173-wangting1-AM快速配置-快响需求-瑞幸咖啡代金券开发需求_王新田
-- FEE_ITEM 1
INSERT INTO BASE.ACCP_ITEM_TAX_RATE (ITEM_CODE, TAX_RATE, VALID_DATE, EXPIRE_DATE) VALUES ('88002504', '600', TO_DATE('01-11-2017', 'DD-MM-YYYY'), TO_DATE('31-12-2030', 'DD-MM-YYYY'));
INSERT INTO ZG.ACC_DEF_FEE_ITEM_EX (FEE_ITEM_ID, ITEM_NAME, MARKET_TYPE_ID, MARKET_TYPE_NAME, BUSINESS_MANAGER, DEVELOPMENT_MANAGER) VALUES ('88002504', 'AM瑞幸21元代金券', '010', '个人', NULL, NULL);
INSERT INTO BASE.BS_ACCT_ITEM_TYPE (ACCT_ITEM_TYPE_ID, ACCT_ITEM_TYPE_NAME, ACCT_ITEM_TYPE_KIND, BILL_PRIORITY, STATE, STATE_DATE) VALUES ('88002504', 'AM瑞幸21元代金券', '0', '143', '1',SYSDATE);
INSERT INTO BASE.BS_FEE_ITEM_BILL_ITEM (BILL_FORMAT_ID, BILL_ITEM_ID, FEE_ITEM_ID, STS, STS_TIME) VALUES ('1', '238', '88002504', '1', TRUNC(SYSDATE,'MM'));
INSERT INTO BASE.BS_FEE_ITEM_BILL_ITEM (BILL_FORMAT_ID, BILL_ITEM_ID, FEE_ITEM_ID, STS, STS_TIME) VALUES ('999', '238', '88002504', '1', TRUNC(SYSDATE,'MM'));
INSERT INTO BASE.BS_FEE_ITEM_BILL_ITEM (BILL_FORMAT_ID, BILL_ITEM_ID, FEE_ITEM_ID, STS, STS_TIME) VALUES ('998', '319', '88002504', '1', TRUNC(SYSDATE,'MM'));
INSERT INTO BASE.BS_FEE_ITEM_BILL_ITEM (BILL_FORMAT_ID, BILL_ITEM_ID, FEE_ITEM_ID, STS, STS_TIME) VALUES ('888', '66666666', '88002504', '1',TRUNC(SYSDATE,'MM'));
INSERT INTO BASE.BS_FEE_ITEM_BILL_ITEM (BILL_FORMAT_ID, BILL_ITEM_ID, FEE_ITEM_ID, STS, STS_TIME) VALUES ('21', '239', '88002504', '1', TRUNC(SYSDATE,'MM'));
INSERT INTO BASE.BS_FEE_ITEM_BILL_ITEM (BILL_FORMAT_ID, BILL_ITEM_ID, FEE_ITEM_ID, STS, STS_TIME) VALUES ('997', '196', '88002504', '1',TRUNC(SYSDATE,'MM'));
INSERT INTO BASE.BS_ACCT_ITEM_TYPE_BALANCE_TYPE (BALANCE_TYPE_ID, ACCT_ITEM_TYPE_ID, BALANCE_MAX_VALUE, RELA_PRIORITY, OVERFLOW_RULE, STS) VALUES ('82950', '88002504', '5000000000', '1', '0', '2');
INSERT INTO BASE.BS_ACCT_ITEM_TYPE_BALANCE_TYPE (BALANCE_TYPE_ID, ACCT_ITEM_TYPE_ID, BALANCE_MAX_VALUE, RELA_PRIORITY, OVERFLOW_RULE, STS) VALUES ('82951', '88002504', '5000000000', '1', '0', '2');
INSERT INTO BASE.BS_ACCT_ITEM_TYPE_BALANCE_TYPE (BALANCE_TYPE_ID, ACCT_ITEM_TYPE_ID, BALANCE_MAX_VALUE, RELA_PRIORITY, OVERFLOW_RULE, STS) VALUES ('98006', '88002504', '5000000000', '1', '0', '2');
-- FEE_ITEM 2
INSERT INTO BASE.ACCP_ITEM_TAX_RATE (ITEM_CODE, TAX_RATE, VALID_DATE, EXPIRE_DATE) VALUES ('88002505', '600', TO_DATE('01-11-2017', 'DD-MM-YYYY'), TO_DATE('31-12-2030', 'DD-MM-YYYY'));
INSERT INTO ZG.ACC_DEF_FEE_ITEM_EX (FEE_ITEM_ID, ITEM_NAME, MARKET_TYPE_ID, MARKET_TYPE_NAME, BUSINESS_MANAGER, DEVELOPMENT_MANAGER) VALUES ('88002505', 'AM瑞幸24元代金券', '010', '个人', NULL, NULL);
INSERT INTO BASE.BS_ACCT_ITEM_TYPE (ACCT_ITEM_TYPE_ID, ACCT_ITEM_TYPE_NAME, ACCT_ITEM_TYPE_KIND, BILL_PRIORITY, STATE, STATE_DATE) VALUES ('88002505', 'AM瑞幸24元代金券', '0', '143', '1',SYSDATE);
INSERT INTO BASE.BS_FEE_ITEM_BILL_ITEM (BILL_FORMAT_ID, BILL_ITEM_ID, FEE_ITEM_ID, STS, STS_TIME) VALUES ('1', '238', '88002505', '1', TRUNC(SYSDATE,'MM'));
INSERT INTO BASE.BS_FEE_ITEM_BILL_ITEM (BILL_FORMAT_ID, BILL_ITEM_ID, FEE_ITEM_ID, STS, STS_TIME) VALUES ('999', '238', '88002505', '1', TRUNC(SYSDATE,'MM'));
INSERT INTO BASE.BS_FEE_ITEM_BILL_ITEM (BILL_FORMAT_ID, BILL_ITEM_ID, FEE_ITEM_ID, STS, STS_TIME) VALUES ('998', '319', '88002505', '1', TRUNC(SYSDATE,'MM'));
INSERT INTO BASE.BS_FEE_ITEM_BILL_ITEM (BILL_FORMAT_ID, BILL_ITEM_ID, FEE_ITEM_ID, STS, STS_TIME) VALUES ('888', '66666666', '88002505', '1',TRUNC(SYSDATE,'MM'));
INSERT INTO BASE.BS_FEE_ITEM_BILL_ITEM (BILL_FORMAT_ID, BILL_ITEM_ID, FEE_ITEM_ID, STS, STS_TIME) VALUES ('21', '239', '88002505', '1', TRUNC(SYSDATE,'MM'));
INSERT INTO BASE.BS_FEE_ITEM_BILL_ITEM (BILL_FORMAT_ID, BILL_ITEM_ID, FEE_ITEM_ID, STS, STS_TIME) VALUES ('997', '196', '88002505', '1',TRUNC(SYSDATE,'MM'));
INSERT INTO BASE.BS_ACCT_ITEM_TYPE_BALANCE_TYPE (BALANCE_TYPE_ID, ACCT_ITEM_TYPE_ID, BALANCE_MAX_VALUE, RELA_PRIORITY, OVERFLOW_RULE, STS) VALUES ('82950', '88002505', '5000000000', '1', '0', '2');
INSERT INTO BASE.BS_ACCT_ITEM_TYPE_BALANCE_TYPE (BALANCE_TYPE_ID, ACCT_ITEM_TYPE_ID, BALANCE_MAX_VALUE, RELA_PRIORITY, OVERFLOW_RULE, STS) VALUES ('82951', '88002505', '5000000000', '1', '0', '2');
INSERT INTO BASE.BS_ACCT_ITEM_TYPE_BALANCE_TYPE (BALANCE_TYPE_ID, ACCT_ITEM_TYPE_ID, BALANCE_MAX_VALUE, RELA_PRIORITY, OVERFLOW_RULE, STS) VALUES ('98006', '88002505', '5000000000', '1', '0', '2');
-- FEE_ITEM 3
INSERT INTO BASE.ACCP_ITEM_TAX_RATE (ITEM_CODE, TAX_RATE, VALID_DATE, EXPIRE_DATE) VALUES ('88002506', '600', TO_DATE('01-11-2017', 'DD-MM-YYYY'), TO_DATE('31-12-2030', 'DD-MM-YYYY'));
INSERT INTO ZG.ACC_DEF_FEE_ITEM_EX (FEE_ITEM_ID, ITEM_NAME, MARKET_TYPE_ID, MARKET_TYPE_NAME, BUSINESS_MANAGER, DEVELOPMENT_MANAGER) VALUES ('88002506', 'AM瑞幸27元代金券', '010', '个人', NULL, NULL);
INSERT INTO BASE.BS_ACCT_ITEM_TYPE (ACCT_ITEM_TYPE_ID, ACCT_ITEM_TYPE_NAME, ACCT_ITEM_TYPE_KIND, BILL_PRIORITY, STATE, STATE_DATE) VALUES ('88002506', 'AM瑞幸27元代金券', '0', '143', '1',SYSDATE);
INSERT INTO BASE.BS_FEE_ITEM_BILL_ITEM (BILL_FORMAT_ID, BILL_ITEM_ID, FEE_ITEM_ID, STS, STS_TIME) VALUES ('1', '238', '88002506', '1', TRUNC(SYSDATE,'MM'));
INSERT INTO BASE.BS_FEE_ITEM_BILL_ITEM (BILL_FORMAT_ID, BILL_ITEM_ID, FEE_ITEM_ID, STS, STS_TIME) VALUES ('999', '238', '88002506', '1', TRUNC(SYSDATE,'MM'));
INSERT INTO BASE.BS_FEE_ITEM_BILL_ITEM (BILL_FORMAT_ID, BILL_ITEM_ID, FEE_ITEM_ID, STS, STS_TIME) VALUES ('998', '319', '88002506', '1', TRUNC(SYSDATE,'MM'));
INSERT INTO BASE.BS_FEE_ITEM_BILL_ITEM (BILL_FORMAT_ID, BILL_ITEM_ID, FEE_ITEM_ID, STS, STS_TIME) VALUES ('888', '66666666', '88002506', '1',TRUNC(SYSDATE,'MM'));
INSERT INTO BASE.BS_FEE_ITEM_BILL_ITEM (BILL_FORMAT_ID, BILL_ITEM_ID, FEE_ITEM_ID, STS, STS_TIME) VALUES ('21', '239', '88002506', '1', TRUNC(SYSDATE,'MM'));
INSERT INTO BASE.BS_FEE_ITEM_BILL_ITEM (BILL_FORMAT_ID, BILL_ITEM_ID, FEE_ITEM_ID, STS, STS_TIME) VALUES ('997', '196', '88002506', '1',TRUNC(SYSDATE,'MM'));
INSERT INTO BASE.BS_ACCT_ITEM_TYPE_BALANCE_TYPE (BALANCE_TYPE_ID, ACCT_ITEM_TYPE_ID, BALANCE_MAX_VALUE, RELA_PRIORITY, OVERFLOW_RULE, STS) VALUES ('82950', '88002506', '5000000000', '1', '0', '2');
INSERT INTO BASE.BS_ACCT_ITEM_TYPE_BALANCE_TYPE (BALANCE_TYPE_ID, ACCT_ITEM_TYPE_ID, BALANCE_MAX_VALUE, RELA_PRIORITY, OVERFLOW_RULE, STS) VALUES ('82951', '88002506', '5000000000', '1', '0', '2');
INSERT INTO BASE.BS_ACCT_ITEM_TYPE_BALANCE_TYPE (BALANCE_TYPE_ID, ACCT_ITEM_TYPE_ID, BALANCE_MAX_VALUE, RELA_PRIORITY, OVERFLOW_RULE, STS) VALUES ('98006', '88002506', '5000000000', '1', '0', '2');

commit;
