-- BOSS-KS-2019-04-337-xx_zhaojin-承诺128元畅享放心用套餐存费送费2019-王新田
-- PROMO_UNIFIED 1
insert into base.BS_BOOK_SCHEME_PROMO (PROMO_ID, PROMO_NAME, BUSI_TYPE_CODE, REGION_CODE, PROMO_TYPE, COUNTY_CODE, ORG_ID, PROMO_GROUP) values ('203029', '承诺128元畅享放心用套餐存费送费2019-冻结', '4300', '0', '1', '0', '0', '0');
insert into base.BS_BOOK_SCHEME_COND (PROMO_ID, COND_ID, COND_NAME, COND_TYPE, RES_HOLD_MONTH, RELATE_CODE,RELATE_NAME, PRE_TYPE, ALLOW_PRE_MORE, PRE_FEE, HIGH_PRE_FEE, SCHEME_TYPE, SCHEME_FEE, LOW_COST, VALID_DATE, EXPIRE_DATE, PRIV_ENTITY, RENT_PACK_ID, RES_PACK_ID, COND_ACCEPT_DESC, REMARK, COIN_RET_TYPE, COND_BONUS_ID, COND_HOLD_MONTH, COND_ENGAGE_TYPE, COND_CREDIT, COND_COST_STAT, COND_GROUP, ALLOW_BIND_IMEI, RES_VICE_MONTH, COND_UPLOAD_MODE, RELATE_HOLD_MONTH, ALLOW_CEASE_COND, CALL_CNT, SP_PACK_ID, COND_ATTR, RELATE_PROD_ID, SLOGAN, UNBIND_IMEI_MONTH, RELATE_PROMO_INFO, GIFT_INFO, RET_DAY) values ('203029', '20302901', '承诺128元畅享放心用套餐存费送费2019-冻结', '11', '0', '0', null, '0', '0', '-1', '-1', '1', '0', '0', to_date('01-04-2010', 'dd-mm-yyyy'), to_date('30-11-2030', 'dd-mm-yyyy'), '0', '0', '0', '承诺128元畅享放心用套餐存费送费2019-冻结', '承诺128元畅享放心用套餐存费送费2019-冻结', '0', '0', '0', '1', '0', '1', '0', '0', '0', '0', '0', '0', '0', '0', '0', '0', null, '-1', null, null,  '0');
insert into base.BS_BOOK_SCHEME_ALLOT (PROMO_ID, COND_ID, BOOK_ITEM_ID, BOOK_TYPE, ALLOT_AMOUNT, ALLOT_MONTH, ALLOT_TYPE, ALLOT_SCALE, EXPLICIT_MONTH, ALLOT_BEGIN_MONTH, ALLOT_BOOK_LIMIT, ALLOT_BOOK_BEGIN, ALLOT_BONUS_ID, ALLOT_BOOK_END, ALLOT_BOOK_LIMIT_TYPE, ALLOT_ATTR, EXTEND_MONTH, CANCEL_BOOK_ITEM_ID) values ('203029', '20302901', '82950', '1', '-1', '-1', '1', '-1', '0', '0', '0', '-24', '0', '0', '0', '00000000000000000010', '0', '80501');
insert into base.BS_BOOK_SCHEME_SAP_MAP (SAP_ID, SAP_FEE_TYPE, SAP_FEE_VALUE, SAP_OTHER_VALUE, PROMO_ID, COND_ID, STS, SAP_FEE_MONTH, SAP_NAME) values ('SAP1165', '1', '-1', '-1', '203029', '20302901', '1', '-1', '承诺128元畅享放心用套餐存费送费2019-冻结');
insert into base.BS_BOOK_SCHEME_SMS_FORM (PROMO_ID, COND_ID, APPLY_TYPE, SMS_TEMPLET_ID, NEW_SMS_TEMPLET_ID) values ('203029', '20302901', '1', '20302901', '4000004300117006');
insert into base.bs_sms_rule (RULE_ID, RULE_CODE, RULE_EXP, RULE_ORDER, BUSINESS_ID, AC_SMS_TEMPLATE_ID, SMS_TEMPLATE_ID, STATE, CREATE_DATE) values (base.bs_sms_rule$seq.nextval, '4000004300117006', '', '1', '4300', '4000004300117006', '4000004300103369', 'U', sysdate);
insert into base.bs_book_scheme_SAP_type (SAP_ID, SAP_TYPE, SAP_TYPE_NAME, REMARK1, REMARK2, REMARK3, REMARK4) values ('SAP1165', 2, '承诺128元畅享放心用套餐存费送费2019-冻结', 'BOSS-KS-2019-04-337-xx_zhaojin', '张朋伟', null, null);
-- PROMO_UNIFIED 2
insert into base.BS_BOOK_SCHEME_PROMO (PROMO_ID, PROMO_NAME, BUSI_TYPE_CODE, REGION_CODE, PROMO_TYPE, COUNTY_CODE, ORG_ID, PROMO_GROUP) values ('203030', '承诺128元畅享放心用套餐存费送费2019-赠送', '4300', '0', '1', '0', '0', '0');
insert into base.BS_BOOK_SCHEME_COND (PROMO_ID, COND_ID, COND_NAME, COND_TYPE, RES_HOLD_MONTH, RELATE_CODE,RELATE_NAME, PRE_TYPE, ALLOW_PRE_MORE, PRE_FEE, HIGH_PRE_FEE, SCHEME_TYPE, SCHEME_FEE, LOW_COST, VALID_DATE, EXPIRE_DATE, PRIV_ENTITY, RENT_PACK_ID, RES_PACK_ID, COND_ACCEPT_DESC, REMARK, COIN_RET_TYPE, COND_BONUS_ID, COND_HOLD_MONTH, COND_ENGAGE_TYPE, COND_CREDIT, COND_COST_STAT, COND_GROUP, ALLOW_BIND_IMEI, RES_VICE_MONTH, COND_UPLOAD_MODE, RELATE_HOLD_MONTH, ALLOW_CEASE_COND, CALL_CNT, SP_PACK_ID, COND_ATTR, RELATE_PROD_ID, SLOGAN, UNBIND_IMEI_MONTH, RELATE_PROMO_INFO, GIFT_INFO, RET_DAY) values ('203030', '20303001', '承诺128元畅享放心用套餐存费送费2019-赠送', '11', '0', '0', null, '0', '0', '-1', '-1', '1', '0', '0', to_date('01-04-2010', 'dd-mm-yyyy'), to_date('30-11-2030', 'dd-mm-yyyy'), '0', '0', '0', '承诺128元畅享放心用套餐存费送费2019-赠送', '承诺128元畅享放心用套餐存费送费2019-赠送', '0', '0', '0', '1', '0', '1', '0', '0', '0', '0', '0', '0', '0', '0', '0', '0', null, '-1', null, null,  '0');
insert into base.BS_BOOK_SCHEME_ALLOT (PROMO_ID, COND_ID, BOOK_ITEM_ID, BOOK_TYPE, ALLOT_AMOUNT, ALLOT_MONTH, ALLOT_TYPE, ALLOT_SCALE, EXPLICIT_MONTH, ALLOT_BEGIN_MONTH, ALLOT_BOOK_LIMIT, ALLOT_BOOK_BEGIN, ALLOT_BONUS_ID, ALLOT_BOOK_END, ALLOT_BOOK_LIMIT_TYPE, ALLOT_ATTR, EXTEND_MONTH, CANCEL_BOOK_ITEM_ID) values ('203030', '20303001', '82951', '1', '-1', '-1', '1', '-1', '0', '0', '0', '-24', '0', '0', '0', '00000000020000000010', '0', '0');
insert into base.BS_BOOK_SCHEME_SAP_MAP (SAP_ID, SAP_FEE_TYPE, SAP_FEE_VALUE, SAP_OTHER_VALUE, PROMO_ID, COND_ID, STS, SAP_FEE_MONTH, SAP_NAME) values ('SAP1166', '1', '-1', '-1', '203030', '20303001', '1', '-1', '承诺128元畅享放心用套餐存费送费2019-赠送');
insert into base.BS_BOOK_SCHEME_SMS_FORM (PROMO_ID, COND_ID, APPLY_TYPE, SMS_TEMPLET_ID, NEW_SMS_TEMPLET_ID) values ('203030', '20303001', '1', '20303001', '4000004300117007');
insert into base.bs_sms_rule (RULE_ID, RULE_CODE, RULE_EXP, RULE_ORDER, BUSINESS_ID, AC_SMS_TEMPLATE_ID, SMS_TEMPLATE_ID, STATE, CREATE_DATE) values (base.bs_sms_rule$seq.nextval, '4000004300117007', '', '1', '4300', '4000004300117007', '4000004300103367', 'U', sysdate);
insert into base.BS_BOOK_SCHEME_SMS_FORM (PROMO_ID, COND_ID, APPLY_TYPE, SMS_TEMPLET_ID, NEW_SMS_TEMPLET_ID) values ('203030', '20303001', '6', '20303001', '4000004300117008');
insert into base.bs_sms_rule (RULE_ID, RULE_CODE, RULE_EXP, RULE_ORDER, BUSINESS_ID, AC_SMS_TEMPLATE_ID, SMS_TEMPLATE_ID, STATE, CREATE_DATE) values (base.bs_sms_rule$seq.nextval, '4000004300117008', '', '1', '4300', '4000004300117008', '4000004300103368', 'U', sysdate);
insert into base.bs_book_scheme_SAP_type (SAP_ID, SAP_TYPE, SAP_TYPE_NAME, REMARK1, REMARK2, REMARK3, REMARK4) values ('SAP1166', 1, '承诺128元畅享放心用套餐存费送费2019-赠送', 'BOSS-KS-2019-04-337-xx_zhaojin', '张朋伟', null, null);
-- RECEIPT_1116 1
insert into base.bs_busi_receipt_type (receipt_type, receipt_type_name, receipt_class, receipt_class_name, receipt_flag, tax_format, sts) values ('1034', '承诺128元畅享放心用套餐存费送费2019-违约金', '8', '业务发票', '1', '1', '1');
insert into base.bs_busi_receipt_item (receipt_type, receipt_item, receipt_item_name, unit, item_seq, sts, tax_rate, valid_date, expire_date) values ('1034', '1116', '业务违约金', '张', '0', '1', '760', to_date('01-01-1900', 'dd-mm-yyyy'), to_date('31-05-2014', 'dd-mm-yyyy'));
insert into base.bs_busi_item_map (busi_item_code, busi_item_type, fee_item_id, fee_item_name, sts, receipt_type, receipt_item) values ('69211', '3', '69211', '业务违约金', '1', '1034', '1116');
insert into base.bs_def_bill_item_mis (MIS_GROUP_NO, MIS_GROUP_NAME, STS) values ('10A188', '业务违约金', '1');
insert into base.bs_bill_item_mis_grp (MIS_GROUP_NO, BUSI_TYPE, BILL_ITEM_ID, STA_TYPE, TAX_RATE1, TAX_RATE1_PERCENT, TAX_RATE2, TAX_RATE2_PERCENT, TAX_RATE3, TAX_RATE3_PERCENT, TAX_RATE) values ('10A188', '1034', '1116', null, null, null, null, null, null, null, null);
insert into inter.acc_def_bill_item_audit (AUDIT_GROUP_NO, AUDIT_GROUP_NAME, STS) values ('A188', '业务违约金', '1');
insert into inter.acc_bill_item_audit_grp (AUDIT_GROUP_NO, BUSI_TYPE, BILL_ITEM_ID, STA_TYPE) values ('A188', '1034', '1116', null);
-- ALARM_PROD 1
INSERT INTO ZG.PACKAGE_ALARM_PROD (PROD_ID, PROD_NAME, ALARM_TYPE, VALID_DATE, EXPIRE_DATE, REMARK) VALUES ('50002343', '承诺128元畅享放心用套餐存费送费2019-赠送语音', '1', to_date('01-01-2001', 'dd-mm-yyyy'), to_date('01-01-2030', 'dd-mm-yyyy'), null);
INSERT INTO ZG.PACKAGE_ALARM_PROD (PROD_ID, PROD_NAME, ALARM_TYPE, VALID_DATE, EXPIRE_DATE, REMARK) VALUES ('50002343', '承诺128元畅享放心用套餐存费送费2019-赠送语音', '4', to_date('01-01-2001', 'dd-mm-yyyy'), to_date('01-01-2030', 'dd-mm-yyyy'), null);
INSERT INTO ZG.PACKAGE_ALARM_PROD (PROD_ID, PROD_NAME, ALARM_TYPE, VALID_DATE, EXPIRE_DATE, REMARK) VALUES ('50002343', '承诺128元畅享放心用套餐存费送费2019-赠送语音', '5', to_date('01-01-2001', 'dd-mm-yyyy'), to_date('01-01-2030', 'dd-mm-yyyy'), null);
INSERT INTO ZG.PACKAGE_ALARM_PROD (PROD_ID, PROD_NAME, ALARM_TYPE, VALID_DATE, EXPIRE_DATE, REMARK) VALUES ('50002343', '承诺128元畅享放心用套餐存费送费2019-赠送语音', '15', to_date('01-01-2001', 'dd-mm-yyyy'), to_date('01-01-2030', 'dd-mm-yyyy'), null);

commit;
